{
  "genre-02": [
    0.35,
    23.41,
    [
      0.35,
      1.09,
      1.81,
      2.54,
      3.26,
      4.01,
      4.73,
      5.45,
      6.18,
      6.93,
      7.66,
      8.38,
      9.11,
      9.85,
      10.57,
      11.3,
      12.03,
      12.78,
      13.5,
      14.23,
      14.96,
      15.69,
      16.43,
      17.16,
      17.89,
      18.64,
      19.35,
      20.08,
      20.76,
      21.49,
      22.29,
      23.02,
      23.76
    ]
  ],
  "genre-10": [
    5.945,
    23.17,
    [
      5.945,
      6.365,
      6.78,
      7.195,
      7.605,
      8.02,
      8.435,
      8.845,
      9.265,
      9.685,
      10.100000000000001,
      10.515,
      10.92,
      11.329999999999998,
      11.754999999999999,
      12.175,
      12.595,
      13.02,
      13.425,
      13.835,
      14.255,
      14.665,
      15.07,
      15.48,
      15.89,
      16.3,
      16.715000000000003,
      17.130000000000003,
      17.54,
      17.95,
      18.365000000000002,
      18.78,
      19.189999999999998,
      19.6,
      20.02,
      20.435000000000002,
      20.845,
      21.255000000000003,
      21.665,
      22.075000000000003,
      22.490000000000002,
      22.91,
      23.325000000000003,
      23.740000000000002,
      24.16,
      24.565,
      24.97,
      25.39,
      25.795,
      26.2,
      26.630000000000003,
      27.05,
      27.46,
      27.87,
      28.28,
      28.7,
      29.115000000000002
    ]
  ],
  "genre-36": [
    0.01,
    22.689999999999998,
    [
      0.01,
      0.82,
      1.63,
      2.43,
      3.26,
      4.06,
      4.88,
      5.68,
      6.5,
      7.32,
      8.13,
      8.93,
      9.74,
      10.55,
      11.36,
      12.16,
      12.97,
      13.8,
      14.61,
      15.42,
      16.24,
      17.03,
      17.85,
      18.66,
      19.44,
      20.27,
      21.08,
      21.9,
      22.7
    ]
  ],
  "genre-66": [
    0.7,
    21.8,
    [
      0.7,
      1.25,
      1.79,
      2.34,
      2.88,
      3.42,
      3.97,
      4.51,
      5.05,
      5.6,
      6.15,
      6.7,
      7.25,
      7.79,
      8.34,
      8.88,
      9.43,
      9.97,
      10.52,
      11.06,
      11.61,
      12.15,
      12.7,
      13.25,
      13.78,
      14.32,
      14.88,
      15.41,
      15.96,
      16.48,
      17.05,
      17.59,
      18.14,
      18.69,
      19.23,
      19.78,
      20.32,
      20.87,
      21.41,
      21.96,
      22.5
    ]
  ],
  "genre-70": [
    1.37,
    23.61,
    [
      1.37,
      1.93,
      2.48,
      3.01,
      3.54,
      4.1,
      4.64,
      5.18,
      5.7,
      6.24,
      6.77,
      7.32,
      7.83,
      8.37,
      8.89,
      9.45,
      9.98,
      10.53,
      11.06,
      11.6,
      12.13,
      12.67,
      13.21,
      13.76,
      14.27,
      14.82,
      15.35,
      15.88,
      16.41,
      16.93,
      17.47,
      18.02,
      18.54,
      19.08,
      19.61,
      20.16,
      20.69,
      21.23,
      21.76,
      22.31,
      22.82,
      23.39,
      23.91,
      24.45,
      24.98
    ]
  ],
  "pop-12": [
    12.05,
    16.0,
    [
      12.05,
      12.55,
      13.05,
      13.55,
      14.05,
      14.55,
      15.05,
      15.56,
      16.05,
      16.56,
      17.05,
      17.55,
      18.05,
      18.55,
      19.05,
      19.55,
      20.05,
      20.55,
      21.06,
      21.55,
      22.05,
      22.55,
      23.06,
      23.56,
      24.05,
      24.55,
      25.06,
      25.55,
      26.04,
      26.54,
      27.05,
      27.56,
      28.05
    ]
  ],
  "pop-38": [
    3.2199999999999998,
    22.990000000000002,
    [
      3.2199999999999998,
      3.6799999999999997,
      4.16,
      4.635,
      5.109999999999999,
      5.585,
      6.0600000000000005,
      6.54,
      7.01,
      7.485,
      7.970000000000001,
      8.455,
      8.945,
      9.425,
      9.895,
      10.365,
      10.84,
      11.32,
      11.805,
      12.295,
      12.78,
      13.26,
      13.735,
      14.21,
      14.69,
      15.165,
      15.64,
      16.125,
      16.61,
      17.09,
      17.57,
      18.045,
      18.520000000000003,
      19.005000000000003,
      19.490000000000002,
      19.975,
      20.465,
      20.950000000000003,
      21.425,
      21.895,
      22.369999999999997,
      22.855,
      23.34,
      23.814999999999998,
      24.295,
      24.77,
      25.240000000000002,
      25.72,
      26.21
    ]
  ],
  "pop-60": [
    4.11,
    22.69,
    [
      4.11,
      4.51,
      4.92,
      5.31,
      5.73,
      6.13,
      6.54,
      6.93,
      7.35,
      7.76,
      8.16,
      8.55,
      8.97,
      9.36,
      9.78,
      10.17,
      10.59,
      11.0,
      11.4,
      11.8,
      12.21,
      12.61,
      13.02,
      13.41,
      13.83,
      14.24,
      14.65,
      15.04,
      15.46,
      15.85,
      16.26,
      16.66,
      17.08,
      17.49,
      17.89,
      18.29,
      18.7,
      19.1,
      19.51,
      19.9,
      20.32,
      20.73,
      21.14,
      21.53,
      21.95,
      22.34,
      22.75,
      23.14,
      23.56,
      23.97,
      24.38,
      24.77,
      25.19,
      25.59,
      26.0,
      26.38,
      26.8
    ]
  ],
  "pop-70": [
    6.81,
    23.09,
    [
      6.81,
      7.39,
      7.96,
      8.54,
      9.1,
      9.7,
      10.27,
      10.86,
      11.43,
      12.01,
      12.59,
      13.15,
      13.73,
      14.31,
      14.89,
      15.47,
      16.04,
      16.63,
      17.21,
      17.78,
      18.35,
      18.92,
      19.51,
      20.08,
      20.66,
      21.25,
      21.83,
      22.41,
      22.98,
      23.56,
      24.14,
      24.71,
      25.29,
      25.86,
      26.43,
      27.0,
      27.56,
      28.14,
      28.73,
      29.31,
      29.9
    ]
  ],
  "pop-79": [
    0.05,
    23.49,
    [
      0.05,
      0.7,
      1.35,
      2.0,
      2.66,
      3.31,
      3.96,
      4.61,
      5.27,
      5.92,
      6.57,
      7.22,
      7.88,
      8.53,
      9.18,
      9.84,
      10.49,
      11.13,
      11.79,
      12.44,
      13.09,
      13.75,
      14.4,
      15.04,
      15.7,
      16.36,
      17.01,
      17.65,
      18.31,
      18.95,
      19.61,
      20.27,
      20.93,
      21.59,
      22.23,
      22.88,
      23.54
    ]
  ]
}